{"input_mean": [18708.4140625, 13.60000228881836, 30.039138793945312], "input_std": [53675.8046875, 0.0706760361790657, 90.74333953857422], "output_mean": [25145253888.0], "output_std": [19560970240.0]}